1	臺灣營德股份有限公司 | INTEPLAST TAIWAN CORPORATION	首頁	0
2	臺灣營德股份有限公司 (INTEPLAST TAIWAN CORPORATION) 為台塑關係企業與 INTEPLAST USA 合資大廠，專業生產清潔袋、拉繩袋、蔬果袋、夾鏈袋、手套/遮蔽膠帶與 Scale Sheet，提供多元日常與工業應用情境。	首頁	0
3	台塑企業清潔袋專業製造	首頁	0
4	台塑企業、INTEPLAST USA 與長庚生技合資建立公司。以台塑原料自製清潔袋與拉繩袋，嘉義新港、越南基地自動化吹膜；另有蔬果袋、夾鏈袋，以及集團專利抽取式 Scale Sheet。	首頁	0
5	瀏覽核心產品系列	首頁	0
6	年 (1983-{{year}})	首頁	1
7	{{years}} 年全球品牌資歷	首頁	1
8	INTEPLAST USA 1983 創立 · 2014 在台建立公司	首頁	0
9	品質管理系統認證	首頁	0
10	ISO 9001:2015 嚴格把關	首頁	0
11	廠內廢料閉環回收	首頁	0
12	100% 邊角料即時粉碎造粒	首頁	0
13	CORE PRODUCTS · 核心產品系列	首頁	0
14	核心產品系列	首頁	0
15	全線產品皆以台塑原料自製，嘉義新港基地一貫作業，從家用清潔袋到集團專利 Scale Sheet。	首頁	0
16	ENVIRONMENTAL LABEL PRODUCTS · 綠色標章產品	首頁	0
17	環保不打折，每一款都經過層層把關	首頁	0
18	台塑環保拉繩清潔袋與台塑環保清潔袋，皆通過環保標章審查並取得使用證書；從原料到製程，將環境考量落實於日常使用。	首頁	0
19	環保標章認證產品	首頁	0
20	通過環境審查	首頁	0
21	符合環保標章規格標準，取得產品標示資格。	首頁	0
22	50% 再生塑膠	首頁	0
23	減少對原生塑膠資源的依賴，延續材料價值。	首頁	0
24	避用重金屬	首頁	0
25	不使用鉛、鎘、汞及六價鉻等重金屬。	首頁	0
26	製程審慎管理	首頁	0
27	避用列管毒性化學物質及相關管制物。	首頁	0
28	查看更多	首頁	0
29	留下聯絡資料，我們將由專人與您聯繫	首頁	0
30	無論是產品規格諮詢、外銷配合或客製化需求，歡迎留下資訊，我們將有專人與您對接。	首頁	0
31	留下聯絡資料	首頁	0
32	清潔袋 · 拉繩袋 · 蔬果袋...	首頁	0
33	綠色標章認證	首頁	0
34	50% 再生塑膠 · 避用重金屬	首頁	0
35	聯繫專人窗口	首頁	0
36	留下資料 · 由專人與您對接	首頁	0
37	快速篩選：	首頁	0
42	前往產品中心查看	首頁	0
43	認識臺灣營德股份有限公司：從台塑新港廠到 INTEPLAST GROUP 全球製造網絡，超過三十年的塑膠薄膜、清潔袋與軟包裝製造歷程。	關於營德	0
44	關於臺灣營德｜從新港出發的全球製造實力	關於營德	0
45	從台灣出發，為世界製造	關於營德	0
46	在新港，我們把穩定品質、精密製程與環境思維，做成全球市場可以信賴的日常。臺灣營德持續用更好的製造，回應每一個正在前進的需求。	關於營德	0
47	整合全球技術與在地根基，讓製造更有韌性	關於營德	0
48	臺灣營德站在新港，串連 INTEPLAST GROUP 的全球加工經驗與台塑公司的原料、廠區資源；把三方力量，轉化為客戶可依賴的製造能力。	關於營德	0
49	全球塑膠加工技術、製造管理與跨市場服務網絡。	關於營德	0
50	美國總部｜北美、亞洲、歐洲製造版圖	關於營德	0
51	前往 INTEPLAST GROUP 官網	關於營德	0
52	臺灣營德	關於營德	0
53	在嘉義新港，把原料、技術與製程整合為穩定可靠的薄膜與軟包裝解決方案。	關於營德	0
54	共同投資夥伴：INTEPLAST GROUP、台灣塑膠公司、長庚生物科技	關於營德	0
55	與臺灣營德聯繫	關於營德	0
56	台灣塑膠公司	關於營德	0
57	穩定的原料資源與台塑企業新港廠區產業基礎，支撐高效率且穩定的生產配置。	關於營德	0
58	台灣塑膠公司｜台塑企業成員	關於營德	0
59	前往台灣塑膠公司官網	關於營德	0
60	三方共同投資，讓臺灣營德兼具國際製造視野、在地供應韌性與長期經營基礎。	關於營德	0
61	從台塑到營德，厚植製造實力	關於營德	0
62	臺灣營德的製造故事，源自台塑塑膠加工組。1983 年，加工組於高雄前鎮廠起步，開始生產購物袋；1984 年，市場袋、清潔袋正式加入產品線，逐步累積袋品製造的基礎與經驗。	關於營德	0
63	1989 年，新港廠整地擴建；1991 年正式投產，並啟用全自動拌料輸送系統。隨著市場需求與設備能力提升，產品線也持續延伸。	關於營德	0
64	2004 年，前鎮廠遷廠合併，新港成為主要生產基地；2008 年，全球產品配置重整，讓製造資源更聚焦於具技術與品質優勢的產品。	關於營德	0
65	2014 年，台塑塑膠加工組改組，成立「臺灣營德股份有限公司」。臺灣營德延續既有的製造經驗，結合 INTEPLAST GROUP 的全球技術與營運管理，並持續作為台塑相關企業的一員，開啟新的篇章。	關於營德	0
66	2015 年，越南營德公司成立，進一步拓展海外製造布局。透過臺灣與越南生產基地的相互支援，結合 INTEPLAST GROUP 的全球資源與技術經驗，逐步強化產能配置與國際市場供應能力。	關於營德	0
67	從前鎮的第一只購物袋，到新港的持續精進；我們把累積多年的製造經驗，轉化為面向未來的可靠承諾。	關於營德	0
68	臺灣營德的製造歷程	關於營德	0
69	故事始於高雄前鎮廠，從袋品生產出發，逐步發展為今日的製造基地。	關於營德	0
70	集團肯定，來自實際的生產表現	關於營德	0
71	臺灣營德連續五年獲頒 INTEPLAST GROUP Excellence Award 卓越獎。	關於營德	0
72	INTEPLAST GROUP 卓越獎與年度最大進步營運單位獎座	關於營德	0
73	抽取式設計，取得美國專利	關於營德	0
74	Scale Sheet 的單張抽取結構已取得美國專利。取用一張就是一張，不必翻找、不會沾黏，讓秤重與分裝的每一次動作都省下時間。	關於營德	0
75	不只是製造，更是對品質與未來的承諾	關於營德	0
76	從自動化生產、跨市場產品開發到循環再利用，我們把三十餘年的現場經驗轉化為客戶可以信賴的製造能力。	關於營德	0
77	讓穩定品質，成為製程的日常	關於營德	0
78	從全自動拌料與原料空輸，到 PLC 吹膜控制與精密點斷熱封，每一道製程都為穩定品質與良率而設計。	關於營德	0
79	製程 × 品質管理	關於營德	0
80	以多元產品，回應全球市場	關於營德	0
81	從捲膜、清潔袋、拉繩袋到醫療包裝與冷凍密實袋，臺灣營德服務台灣、日本、美洲與東南亞等市場。	關於營德	0
82	產品 × 市場連結	關於營德	0
83	把永續，落實在每個細節	關於營德	0
84	採用環保水性墨、建構廢膜回收再生系統，並推出取得國家環保標章認證的綠色產品。	關於營德	0
85	材料 × 循環思維	關於營德	0
86	把現場經驗，轉化成每一批產品的可靠度	關於營德	0
87	新港基地將原料輸送、吹膜、印刷、製袋與品質控管串聯為完整流程，讓品質不是最後一道檢查，而是每一道製程的共同標準。	關於營德	0
88	全自動拌料與原料空輸	關於營德	0
89	PLC 自動化吹膜控制	關於營德	0
90	精密點斷、熱封與品質追蹤	關於營德	0
91	下一段製造故事，與您一起開始	關於營德	0
92	需要穩定可靠的塑膠薄膜、袋品或軟包裝製造夥伴？讓臺灣營德的技術與全球網絡，回應您的產品需求。	關於營德	0
93	聯繫與詢價	關於營德	0
94	瀏覽產品中心	關於營德	0
95	聯繫我們 | 臺灣營德股份有限公司 INTEPLAST TAIWAN CORPORATION	聯繫我們	0
96	聯繫臺灣營德股份有限公司 (INTEPLAST TAIWAN) 外銷業務團隊。地址：臺北市松山區敦化北路205號6樓609室，電話：02-2712-2211 #8109。	聯繫我們	0
97	聯繫臺灣營德	聯繫我們	0
98	留下聯絡資料由我們主動與您聯繫，或直接聯絡營德專人窗口。	聯繫我們	0
99	直接聯繫營德窗口	聯繫我們	0
100	留下資料 · 由我們聯繫您	聯繫我們	0
101	聯絡我們	聯繫我們	0
102	公司地址	聯繫我們	0
103	臺北市松山區敦化北路205號6樓609室	聯繫我們	0
104	連絡電話	聯繫我們	0
105	服務時間：週一至週五 08:30–17:30（國定假日休息）	聯繫我們	0
106	電子郵件	聯繫我們	0
107	撥打電話	聯繫我們	0
108	寄送 Email 諮詢	聯繫我們	0
109	留下您的聯絡資料	聯繫我們	0
110	公司名稱	聯繫我們	0
111	例：Global Packaging Co., Ltd.	聯繫我們	0
112	商務信箱（必填）	聯繫我們	0
113	name@yourcompany.com	聯繫我們	0
114	聯絡電話（選填）	聯繫我們	0
115	例：02-2712-2211 或 0912-345-678	聯繫我們	0
116	詢問產品類別	聯繫我們	0
117	01 清潔袋 (連捲 / 單張抽取 / 環保)	聯繫我們	1
118	02 拉繩袋 (清潔袋 / 醫療袋)	聯繫我們	0
119	03 蔬果袋 (平裝 / 捲裝)	聯繫我們	1
120	04 夾鏈袋 (密實袋 / 立體密實袋 / 冷凍袋 / 夾鏈袋)	聯繫我們	1
121	05 其他類 (手套 / 台塑遮蔽防塵膠帶)	聯繫我們	1
122	06 Scale Sheet / Tare Sheet	聯繫我們	1
123	需求內容與訊息	聯繫我們	0
124	請留下您的產品需求、規格諮詢或合作方向...	聯繫我們	0
125	確認送出，我們會儘速聯繫您	聯繫我們	0
126	環保標章產品｜臺灣營德股份有限公司	永續發展	0
127	臺灣營德環保標章產品：台塑環保拉繩清潔袋與台塑環保清潔袋。	永續發展	0
128	綠色標章產品	永續發展	0
129	讓每一次選擇，<br>更靠近綠色生活。	永續發展	1
130	臺灣營德以通過環保標章的產品，回應日常生活對環境友善選擇的需求。從產品設計到使用，我們以可被辨識的綠色承諾，陪伴每一個乾淨安心的日常。	永續發展	0
131	認識環保標章產品	永續發展	0
132	環保標章介紹	永續發展	0
133	環保標章是什麼	永續發展	0
134	以綠葉環抱地球，<br>辨識更友善的選擇。	永續發展	1
135	環保標章以綠色葉片環繞地球的意象，傳遞守護環境、珍惜資源的理念。取得標章的產品，須符合環境部公告的規格標準並獲得使用證書，讓消費者採購時有清楚的辨識依據。	永續發展	0
136	綠色消費的觀念在歐美環保運動中逐漸發展，德國、加拿大、日本與北歐等地也陸續建立環保標章制度。台灣於民國81年推動環保標章，鼓勵製造端減少污染與資源消耗，也讓使用者能支持可回收、低污染與省資源的產品。	永續發展	0
137	環保標章規格標準	永續發展	0
138	環保標章產品查詢	永續發展	0
139	依 ISO 14024 原則建立	永續發展	0
140	環保標章採用國際第一類環境標誌的原則與程序，以市場機制鼓勵環境衝擊較低的產品與服務。	永續發展	0
141	從產品生命週期看環境	永續發展	0
142	原料取得、生產、銷售、使用到廢棄，各階段的減量、回收、低污染與資源效率都是重要考量。	永續發展	0
143	持續擴大的綠色選擇	永續發展	0
144	自民國82年公布首批標準以來，環保標章已涵蓋14大產品類別、超過百項產品項目。	永續發展	0
145	我們的綠色標章產品	永續發展	0
146	兩款取得環保標章的日常用品	永續發展	0
147	產品規格與標章資訊以環境部「淨零綠生活資訊平台」公開資料為準；點選卡片可查看各產品的完整資料。	永續發展	0
148	台塑環保拉繩清潔袋	永續發展	0
149	兼顧日常收納與清潔需求的環保標章產品。	永續發展	0
150	查看環保標章產品資料	永續發展	0
151	台塑環保清潔袋	永續發展	0
152	為居家與日常清潔情境提供的環保標章產品選擇。	永續發展	0
153	我們的作法	永續發展	0
154	以務實行動，讓綠色成為日常。	永續發展	0
155	珍惜每一份資源	永續發展	0
156	我們持續將資源循環的思維帶進產品與製造流程，讓材料的價值被更充分運用。	永續發展	0
157	從容易辨識的選擇開始	永續發展	0
158	以取得環保標章的產品，讓企業與消費者在採購與生活中，多一個清楚可靠的選擇。	永續發展	0
159	想了解環保標章產品的採購資訊？	永續發展	0
160	歡迎聯繫臺灣營德團隊，我們將協助您找到合適的產品選擇。	永續發展	0
161	聯繫我們	永續發展	0
162	產品中心 | 臺灣營德股份有限公司 Inteplast Taiwan	產品中心	0
163	臺灣營德產品中心 – 核心產品系列：清潔袋、拉繩袋、蔬果袋、夾鏈袋、手套與遮蔽防塵膠帶與 Scale Sheet。全高清產品展示與 B2B 對接。	產品中心	0
164	產品中心	產品中心	0
165	顯示全部 All	產品中心	0
168	留下資料專人對接	產品中心	0
170	相關連結	共用（頁首）	0
171	台灣塑膠工業股份有限公司	共用（頁首）	0
172	INTEPLAST USA	共用（頁首）	0
173	永續發展	共用（頁首）	0
174	人才招募	共用（頁首）	0
175	首頁	共用（頁首）	0
176	關於營德	共用（頁首）	0
178	網站導覽	共用（頁尾）	0
179	產品分類	共用（頁尾）	0
180	嘉義新港生產基地 · ISO 9001 品質管理系統認證	共用（頁尾）	0
181	搜尋產品或用途	共用（搜尋）	0
182	垃圾袋	共用（搜尋）	0
183	束口袋	共用（搜尋）	0
184	保鮮袋	共用（搜尋）	0
185	蔬果袋	共用（搜尋）	0
186	手套	共用（搜尋）	0
